,Lane 1 Flow (Veh/5 Minutes)
6001,-0.21315222677503914
6002,-0.06685647275337475
6003,0.20135240961967663
6004,-0.3106827294561487
6005,-0.16438697543448436
6006,-0.822717868531974
6007,-0.5545089861589227
6008,-0.18876960110476174
6009,-0.3106827294561487
6010,-0.18876960110476174
6011,-0.7739526171914193
6012,-0.35944798079670354
6013,-0.4813611091480905
6014,-0.43259585780753573
6015,-0.3838306064669809
6016,-0.35944798079670354
6017,-0.8471004942022515
6018,-0.21315222677503914
6019,-0.4569784834778131
6020,-0.6032742374994775
6021,-0.7008047401805871
6022,-0.7983352428616967
6023,-0.8714831198725289
6024,-0.6764221145103096
6025,-0.6520394888400323
6026,-0.6032742374994775
6027,-0.6276568631697549
6028,-0.9690136225536384
6029,-0.9202483712130837
6030,-0.822717868531974
6031,-1.0177788738941933
6032,-1.0909267509050256
6033,-1.2372225049266898
6034,-1.1153093765753028
6035,-1.2859877562672446
6036,-1.188457253586135
6037,-1.3591356332780768
6038,-1.2372225049266898
6039,-1.2128398792564123
6040,-1.1153093765753028
6041,-1.3347530076077994
6042,-1.2616051305969673
6043,-1.2859877562672446
6044,-1.2372225049266898
6045,-1.1396920022455803
6046,-1.3591356332780768
6047,-1.3347530076077994
6048,-1.3347530076077994
6049,-1.4079008846186316
6050,-1.2372225049266898
6051,-1.3347530076077994
6052,-1.432283510288909
6053,-1.2859877562672446
6054,-1.310370381937522
6055,-1.5541966386402961
6056,-1.5298140129700186
6057,-1.3835182589483541
6058,-1.4810487616294639
6059,-1.5054313872997411
6060,-1.5541966386402961
6061,-1.5054313872997411
6062,-1.5054313872997411
6063,-1.5541966386402961
6064,-1.5298140129700186
6065,-1.6029618899808509
6066,-1.432283510288909
6067,-1.4810487616294639
6068,-1.5785792643105734
6069,-1.4810487616294639
6070,-1.4566661359591864
6071,-1.5054313872997411
6072,-1.6273445156511281
6073,-1.5541966386402961
6074,-1.5541966386402961
6075,-1.5298140129700186
6076,-1.5785792643105734
6077,-1.5298140129700186
6078,-1.4566661359591864
6079,-1.5298140129700186
6080,-1.5541966386402961
6081,-1.5785792643105734
6082,-1.4810487616294639
6083,-1.5541966386402961
6084,-1.6029618899808509
6085,-1.4810487616294639
6086,-1.5054313872997411
6087,-1.5054313872997411
6088,-1.5541966386402961
6089,-1.5785792643105734
6090,-1.4566661359591864
6091,-1.3835182589483541
6092,-1.432283510288909
6093,-1.3347530076077994
6094,-1.4079008846186316
6095,-1.4566661359591864
6096,-1.4566661359591864
6097,-1.4079008846186316
6098,-1.4079008846186316
6099,-1.3347530076077994
6100,-1.4079008846186316
6101,-1.3347530076077994
6102,-1.4079008846186316
6103,-0.8958657455428063
6104,-0.8714831198725289
6105,-0.8471004942022515
6106,-0.7495699915211419
6107,-0.6276568631697549
6108,-0.5788916118292001
6109,-0.7008047401805871
6110,-0.3838306064669809
6111,-0.3106827294561487
6112,-0.09123909842365216
6113,0.07943928126828963
6114,-0.14000434976420695
6115,0.44517866632245057
6116,0.7865354257063342
6117,0.6158570460143924
6118,0.9572138053982759
6119,0.3232655379710636
6120,0.5670917946738375
6121,0.6646222973549472
6122,0.8353006770468889
6123,1.2985705647821595
6124,1.4204836931335465
6125,1.639927324166043
6126,1.8106057038579848
6127,1.9569014578796493
6128,2.639614976647416
6129,1.9569014578796493
6130,2.4689365969554746
6131,1.9325188322093718
6132,1.9081362065390945
6133,1.6155446984957658
6134,1.4936315701443788
6135,1.4204836931335465
6136,1.20104006210105
6137,0.7621528000360568
6138,-0.018091221412819963
6139,0.20135240961967663
6140,0.3232655379710636
6141,0.225735035289954
6142,0.225735035289954
6143,0.2501176609602314
6144,0.5183265433332828
6145,0.7133875486955019
6146,0.6402396716846698
6147,0.591474420344115
6148,0.2745002866305088
6149,0.5427091690035601
6150,0.5670917946738375
6151,0.4207960406521732
6152,0.4207960406521732
6153,0.4939439176630054
6154,0.6158570460143924
6155,0.225735035289954
6156,0.6402396716846698
6157,0.17696978394939922
6158,0.5427091690035601
6159,0.8596833027171663
6160,1.1522748107604952
6161,1.1522748107604952
6162,0.8109180513766115
6163,1.20104006210105
6164,-0.6764221145103096
6165,1.1035095594199402
6166,1.0303616824091082
6167,0.6158570460143924
6168,0.7621528000360568
6169,1.2985705647821595
6170,1.0303616824091082
6171,0.8840659283874438
6172,1.1766574364307725
6173,0.9328311797279986
6174,1.0547443080793855
6175,0.7865354257063342
6176,0.8109180513766115
6177,1.1522748107604952
6178,0.9084485540577212
6179,1.079126933749663
6180,1.1766574364307725
6181,1.1522748107604952
6182,0.8109180513766115
6183,0.8353006770468889
6184,0.8840659283874438
6185,1.079126933749663
6186,0.8840659283874438
6187,0.7377701743657794
6188,1.1035095594199402
6189,0.7865354257063342
6190,0.9084485540577212
6191,0.9084485540577212
6192,0.7621528000360568
6193,0.6890049230252245
6194,0.6890049230252245
6195,1.079126933749663
6196,0.7133875486955019
6197,0.9572138053982759
6198,0.6402396716846698
6199,0.8109180513766115
6200,1.079126933749663
6201,1.20104006210105
6202,1.1766574364307725
6203,0.4939439176630054
6204,0.8840659283874438
6205,0.9328311797279986
6206,0.7377701743657794
6207,0.6646222973549472
6208,0.8840659283874438
6209,0.44517866632245057
6210,0.6646222973549472
6211,1.079126933749663
6212,0.8840659283874438
6213,0.9815964310685533
6214,0.4939439176630054
6215,0.9572138053982759
6216,0.7377701743657794
6217,0.7865354257063342
6218,0.7133875486955019
6219,0.8353006770468889
6220,1.0059790567388307
6221,0.4207960406521732
6222,1.1766574364307725
6223,0.8353006770468889
6224,0.7621528000360568
6225,1.3717184417929917
6226,0.7865354257063342
6227,0.5670917946738375
6228,0.6890049230252245
6229,0.6890049230252245
6230,0.6402396716846698
6231,0.8840659283874438
6232,0.6402396716846698
6233,0.8109180513766115
6234,0.8109180513766115
6235,0.7865354257063342
6236,0.9815964310685533
6237,0.6158570460143924
6238,0.8840659283874438
6239,0.7377701743657794
6240,0.6646222973549472
6241,0.44517866632245057
6242,0.347648163641341
6243,0.7377701743657794
6244,0.7865354257063342
6245,0.7621528000360568
6246,0.591474420344115
6247,0.5183265433332828
6248,0.5670917946738375
6249,0.469561291992728
6250,0.3232655379710636
6251,0.7133875486955019
6252,0.3232655379710636
6253,0.5670917946738375
6254,0.5670917946738375
6255,1.0547443080793855
6256,0.6158570460143924
6257,0.5427091690035601
6258,0.6890049230252245
6259,0.1525871582791218
6260,0.20135240961967663
6261,0.6158570460143924
6262,0.006291404257457436
6263,0.05505665559801223
6264,0.10382190693856702
6265,0.17696978394939922
6266,0.7621528000360568
6267,0.44517866632245057
6268,0.347648163641341
6269,0.5427091690035601
6270,0.5183265433332828
6271,0.7377701743657794
6272,0.6890049230252245
6273,0.5183265433332828
6274,0.3964134149818958
6275,0.2501176609602314
6276,0.1525871582791218
6277,0.05505665559801223
6278,0.6158570460143924
6279,0.7621528000360568
6280,0.9084485540577212
6281,0.4207960406521732
6282,0.4939439176630054
6283,0.12820453260884443
6284,0.6158570460143924
6285,0.6646222973549472
6286,0.347648163641341
6287,0.07943928126828963
6288,0.3964134149818958
6289,-0.14000434976420695
6290,-0.16438697543448436
6291,-0.35944798079670354
6292,-0.26191747811559396
6293,-0.26191747811559396
6294,-0.4569784834778131
6295,0.20135240961967663
6296,0.07943928126828963
6297,-0.26191747811559396
6298,0.2745002866305088
6299,-0.3106827294561487
6300,-0.06685647275337475
6301,-0.18876960110476174
6302,0.006291404257457436
6303,-0.23753485244531655
6304,-0.5545089861589227
6305,-0.23753485244531655
6306,-0.43259585780753573
6307,-0.16438697543448436
6308,-0.33506535512642616
6309,-0.23753485244531655
6310,-0.5788916118292001
6311,-0.5057437348183679
6312,-0.6032742374994775
6313,-0.5788916118292001
6314,-0.26191747811559396
6315,-0.8958657455428063
6316,-0.5057437348183679
6317,-0.8471004942022515
6318,-0.6764221145103096
6319,-0.5788916118292001
6320,-1.0177788738941933
6321,-0.5788916118292001
6322,-0.7008047401805871
6323,-0.9933962482239158
6324,-0.9933962482239158
6325,-0.8714831198725289
6326,-0.9690136225536384
6327,-1.0909267509050256
6328,-0.9202483712130837
6329,-1.1396920022455803
6330,-1.188457253586135
6331,-1.0177788738941933
6332,-1.1640746279158576
6333,-1.066544125234748
6334,-1.1153093765753028
6335,-0.9933962482239158
6336,-1.2859877562672446
6337,-1.3347530076077994
6338,-1.2128398792564123
6339,-1.3347530076077994
6340,-1.310370381937522
6341,-1.3835182589483541
6342,-1.2859877562672446
6343,-1.3347530076077994
6344,-1.432283510288909
6345,-1.4566661359591864
6346,-1.3835182589483541
6347,-1.432283510288909
6348,-1.2859877562672446
6349,-1.4079008846186316
6350,-1.5541966386402961
6351,-1.4566661359591864
6352,-1.3835182589483541
6353,-1.5298140129700186
6354,-1.5054313872997411
6355,-1.432283510288909
6356,-1.5785792643105734
6357,-1.432283510288909
6358,-1.5298140129700186
6359,-1.5054313872997411
6360,-1.4566661359591864
6361,-1.5298140129700186
6362,-1.5298140129700186
6363,-1.5054313872997411
6364,-1.5054313872997411
6365,-1.5054313872997411
6366,-1.5785792643105734
6367,-1.4810487616294639
6368,-1.5054313872997411
6369,-1.5785792643105734
6370,-1.5054313872997411
6371,-1.5541966386402961
6372,-1.5054313872997411
6373,-1.5298140129700186
6374,-1.4566661359591864
6375,-1.5298140129700186
6376,-1.432283510288909
6377,-1.6029618899808509
6378,-1.4079008846186316
6379,-1.2859877562672446
6380,-1.2859877562672446
6381,-1.3347530076077994
6382,-1.3835182589483541
6383,-1.4079008846186316
6384,-1.4079008846186316
6385,-1.3347530076077994
6386,-1.310370381937522
6387,-1.1396920022455803
6388,-0.9202483712130837
6389,-1.0421614995644706
6390,-0.9690136225536384
6391,-0.944630996883361
6392,-0.4569784834778131
6393,-0.5057437348183679
6394,-0.43259585780753573
6395,-0.26191747811559396
6396,-0.3106827294561487
6397,-0.4813611091480905
6398,0.5670917946738375
6399,0.07943928126828963
6400,0.469561291992728
6401,0.3964134149818958
6402,0.6158570460143924
6403,0.469561291992728
6404,0.9815964310685533
6405,1.322953190452437
6406,1.0303616824091082
6407,0.9328311797279986
6408,1.0059790567388307
6409,1.3717184417929917
6410,1.20104006210105
6411,1.883753580868817
6412,2.0544319605607586
6413,2.1763450889121456
6414,1.8593709551985396
6415,2.371406094274365
6416,3.005354361701577
6417,2.2982582172635326
6418,1.6643099498363205
6419,1.6886925755065978
6420,1.7862230781877075
6421,1.4692489444741013
6422,1.1522748107604952
6423,0.37203078931161837
6424,0.7133875486955019
6425,0.591474420344115
6426,0.469561291992728
6427,0.37203078931161837
6428,0.2501176609602314
6429,0.07943928126828963
6430,-0.11562172409392955
6431,-0.14000434976420695
6432,0.07943928126828963
6433,-0.06685647275337475
6434,0.006291404257457436
6435,0.20135240961967663
6436,-0.18876960110476174
6437,0.030674029927734832
6438,0.006291404257457436
6439,-0.28630010378587134
6440,0.030674029927734832
6441,-0.06685647275337475
6442,-0.18876960110476174
6443,0.07943928126828963
6444,0.17696978394939922
6445,0.05505665559801223
6446,0.2501176609602314
6447,0.5427091690035601
6448,1.079126933749663
6449,1.2498053134416047
6450,1.2254226877713272
6451,1.0303616824091082
6452,0.7377701743657794
6453,1.20104006210105
6454,0.9572138053982759
6455,1.2498053134416047
6456,0.7865354257063342
6457,0.7133875486955019
6458,0.8596833027171663
6459,1.1522748107604952
6460,0.7377701743657794
6461,0.8596833027171663
6462,1.274187939111882
6463,0.591474420344115
6464,1.3717184417929917
6465,0.8596833027171663
6466,1.1035095594199402
6467,1.079126933749663
6468,0.9084485540577212
6469,1.1766574364307725
6470,0.7133875486955019
6471,0.8596833027171663
6472,0.9572138053982759
6473,0.9572138053982759
6474,0.6646222973549472
6475,0.8353006770468889
6476,1.1035095594199402
6477,1.3473358161227142
6478,0.7865354257063342
6479,0.3232655379710636
6480,0.7133875486955019
6481,0.8596833027171663
6482,0.29888291230078623
6483,0.1525871582791218
6484,0.3232655379710636
6485,0.6402396716846698
6486,0.9084485540577212
6487,0.347648163641341
6488,0.5183265433332828
6489,0.3964134149818958
6490,0.29888291230078623
6491,0.591474420344115
6492,0.3964134149818958
6493,0.7133875486955019
6494,0.591474420344115
6495,0.6158570460143924
6496,0.7865354257063342
6497,0.7133875486955019
6498,0.9328311797279986
6499,0.6890049230252245
6500,0.5183265433332828
6501,0.6890049230252245
6502,0.6158570460143924
6503,0.6890049230252245
6504,0.347648163641341
6505,1.1278921850902177
6506,0.591474420344115
6507,0.7865354257063342
6508,1.0303616824091082
6509,0.7865354257063342
6510,0.6402396716846698
6511,0.9328311797279986
6512,0.8596833027171663
6513,0.9328311797279986
6514,1.1035095594199402
6515,0.8109180513766115
6516,0.6890049230252245
6517,0.7621528000360568
6518,0.5183265433332828
6519,0.469561291992728
6520,0.7865354257063342
6521,0.7133875486955019
6522,0.8596833027171663
6523,1.1278921850902177
6524,1.079126933749663
6525,0.9084485540577212
6526,0.9328311797279986
6527,1.518014195814656
6528,0.591474420344115
6529,0.6402396716846698
6530,0.6646222973549472
6531,0.8596833027171663
6532,0.5670917946738375
6533,0.4939439176630054
6534,0.6402396716846698
6535,0.4939439176630054
6536,0.29888291230078623
6537,1.1766574364307725
6538,0.469561291992728
6539,0.5670917946738375
6540,0.6890049230252245
6541,0.7865354257063342
6542,0.6402396716846698
6543,0.8840659283874438
6544,0.7377701743657794
6545,0.7377701743657794
6546,0.4207960406521732
6547,0.2501176609602314
6548,0.12820453260884443
6549,-0.04247384708309736
6550,0.7621528000360568
6551,0.17696978394939922
6552,0.05505665559801223
6553,0.006291404257457436
6554,0.05505665559801223
6555,0.44517866632245057
6556,0.225735035289954
6557,-0.06685647275337475
6558,0.2501176609602314
6559,0.29888291230078623
6560,0.12820453260884443
6561,-0.018091221412819963
6562,0.1525871582791218
6563,0.10382190693856702
6564,0.469561291992728
6565,-0.14000434976420695
6566,0.20135240961967663
6567,0.006291404257457436
6568,0.07943928126828963
6569,-0.21315222677503914
6570,-0.06685647275337475
6571,0.20135240961967663
6572,-0.28630010378587134
6573,-0.21315222677503914
6574,-0.33506535512642616
6575,-0.04247384708309736
6576,-0.6520394888400323
6577,-0.23753485244531655
6578,-0.23753485244531655
6579,-0.6764221145103096
6580,-0.33506535512642616
6581,-0.5301263604886453
6582,-0.6032742374994775
6583,-0.4569784834778131
6584,-0.7251873658508645
6585,-0.5545089861589227
6586,-0.7008047401805871
6587,-0.7495699915211419
6588,-0.4569784834778131
6589,-0.6032742374994775
6590,-0.5545089861589227
6591,-0.6520394888400323
6592,-0.6520394888400323
6593,-0.8471004942022515
6594,-0.7251873658508645
6595,-0.4082132321372583
6596,-1.0177788738941933
6597,-0.7008047401805871
6598,-0.8714831198725289
6599,-0.822717868531974
6600,-0.8958657455428063
6601,-0.9202483712130837
6602,-1.0177788738941933
6603,-1.0421614995644706
6604,-1.0177788738941933
6605,-1.1153093765753028
6606,-1.0909267509050256
6607,-1.1640746279158576
6608,-1.188457253586135
6609,-1.1640746279158576
6610,-1.2616051305969673
6611,-1.1640746279158576
6612,-1.2372225049266898
6613,-1.310370381937522
6614,-1.3347530076077994
6615,-1.2859877562672446
6616,-1.2616051305969673
6617,-1.4079008846186316
6618,-1.2859877562672446
6619,-1.2616051305969673
6620,-1.2859877562672446
6621,-1.310370381937522
6622,-1.432283510288909
6623,-1.3835182589483541
6624,-1.2859877562672446
6625,-1.432283510288909
6626,-1.3591356332780768
6627,-1.4566661359591864
6628,-1.432283510288909
6629,-1.432283510288909
6630,-1.5054313872997411
6631,-1.5541966386402961
6632,-1.4810487616294639
6633,-1.4810487616294639
6634,-1.4566661359591864
6635,-1.4810487616294639
6636,-1.4810487616294639
6637,-1.432283510288909
6638,-1.5541966386402961
6639,-1.5298140129700186
6640,-1.5541966386402961
6641,-1.5298140129700186
6642,-1.5785792643105734
6643,-1.5298140129700186
6644,-1.5541966386402961
6645,-1.5785792643105734
6646,-1.4810487616294639
6647,-1.5054313872997411
6648,-1.5541966386402961
6649,-1.6517271413214056
6650,-1.6029618899808509
6651,-1.5541966386402961
6652,-1.5785792643105734
6653,-1.5298140129700186
6654,-1.5541966386402961
6655,-1.5298140129700186
6656,-1.6517271413214056
6657,-1.5298140129700186
6658,-1.6029618899808509
6659,-1.6029618899808509
6660,-1.6273445156511281
6661,-1.5298140129700186
6662,-1.6029618899808509
6663,-1.6029618899808509
6664,-1.5054313872997411
6665,-1.5054313872997411
6666,-1.4079008846186316
6667,-1.5298140129700186
6668,-1.4079008846186316
6669,-1.5054313872997411
6670,-1.3347530076077994
6671,-1.5298140129700186
6672,-1.4810487616294639
6673,-1.3835182589483541
6674,-1.3591356332780768
6675,-1.4079008846186316
6676,-1.3835182589483541
6677,-1.188457253586135
6678,-1.066544125234748
6679,-1.0177788738941933
6680,-0.8958657455428063
6681,-0.7251873658508645
6682,-0.5545089861589227
6683,-0.5788916118292001
6684,-0.3838306064669809
6685,-0.21315222677503914
6686,-0.18876960110476174
6687,-0.04247384708309736
6688,0.006291404257457436
6689,0.05505665559801223
6690,0.44517866632245057
6691,0.591474420344115
6692,0.7865354257063342
6693,0.8840659283874438
6694,1.1522748107604952
6695,0.6158570460143924
6696,1.1766574364307725
6697,1.0303616824091082
6698,0.9572138053982759
6699,1.7130752011768753
6700,2.2738755915932556
6701,2.1763450889121456
6702,1.6886925755065978
6703,2.810293356339358
6704,2.688380227987971
6705,2.5420844739663067
6706,1.9081362065390945
6707,1.7374578268471526
6708,1.2985705647821595
6709,1.444866318803824
6710,0.4939439176630054
6711,0.6402396716846698
6712,0.5183265433332828
6713,0.2745002866305088
6714,0.4939439176630054
6715,0.4939439176630054
6716,0.20135240961967663
6717,0.12820453260884443
6718,0.2745002866305088
6719,0.1525871582791218
6720,0.030674029927734832
6721,-0.28630010378587134
6722,-0.11562172409392955
6723,-0.43259585780753573
6724,0.05505665559801223
6725,-0.018091221412819963
6726,0.17696978394939922
6727,0.05505665559801223
6728,-0.11562172409392955
6729,0.12820453260884443
6730,0.1525871582791218
6731,0.29888291230078623
6732,0.07943928126828963
6733,0.2501176609602314
6734,0.12820453260884443
6735,0.7133875486955019
6736,0.5670917946738375
6737,1.2254226877713272
6738,1.2985705647821595
6739,0.9815964310685533
6740,1.2498053134416047
6741,0.9572138053982759
6742,0.7865354257063342
6743,1.0059790567388307
6744,0.8109180513766115
6745,1.2985705647821595
6746,0.9572138053982759
6747,1.1278921850902177
6748,1.1278921850902177
6749,1.1035095594199402
6750,0.9815964310685533
6751,1.2498053134416047
6752,1.1035095594199402
6753,1.274187939111882
6754,1.2254226877713272
6755,0.9328311797279986
6756,1.5423968214849335
6757,0.8109180513766115
6758,0.3232655379710636
6759,0.8596833027171663
6760,1.1522748107604952
6761,0.8596833027171663
6762,1.274187939111882
6763,1.4204836931335465
6764,0.7377701743657794
6765,0.7377701743657794
6766,0.591474420344115
6767,0.3964134149818958
6768,0.9328311797279986
6769,0.8596833027171663
6770,1.0303616824091082
6771,0.8109180513766115
6772,0.7133875486955019
6773,1.0059790567388307
6774,0.7621528000360568
6775,0.591474420344115
6776,0.6158570460143924
6777,1.0547443080793855
6778,0.5670917946738375
6779,0.3964134149818958
6780,0.05505665559801223
6781,0.5183265433332828
6782,0.5670917946738375
6783,0.6402396716846698
6784,0.8596833027171663
6785,0.9084485540577212
6786,0.5183265433332828
6787,0.6646222973549472
6788,0.7865354257063342
6789,0.6890049230252245
6790,0.8353006770468889
6791,0.8596833027171663
6792,1.079126933749663
6793,0.5670917946738375
6794,0.5183265433332828
6795,0.9328311797279986
6796,1.2985705647821595
6797,0.9328311797279986
6798,0.8109180513766115
6799,0.9572138053982759
6800,1.1278921850902177
6801,1.2985705647821595
6802,1.2254226877713272
6803,0.7133875486955019
6804,0.7865354257063342
6805,0.7133875486955019
6806,0.6646222973549472
6807,1.0059790567388307
6808,0.5427091690035601
6809,0.7133875486955019
6810,0.8353006770468889
6811,1.079126933749663
6812,0.6890049230252245
6813,1.2498053134416047
6814,0.9572138053982759
6815,0.8840659283874438
6816,0.6890049230252245
6817,0.6890049230252245
6818,0.591474420344115
6819,0.6646222973549472
6820,0.6402396716846698
6821,0.7621528000360568
6822,0.7133875486955019
6823,0.4939439176630054
6824,0.5427091690035601
6825,0.591474420344115
6826,0.4207960406521732
6827,1.1278921850902177
6828,0.8840659283874438
6829,0.5183265433332828
6830,0.37203078931161837
6831,0.8596833027171663
6832,0.4207960406521732
6833,0.6646222973549472
6834,0.7865354257063342
6835,0.3964134149818958
6836,0.17696978394939922
6837,0.591474420344115
6838,0.030674029927734832
6839,0.4207960406521732
6840,0.030674029927734832
6841,0.006291404257457436
6842,0.3232655379710636
6843,0.4939439176630054
6844,0.5183265433332828
6845,0.6158570460143924
6846,0.17696978394939922
6847,0.05505665559801223
6848,0.12820453260884443
6849,0.2501176609602314
6850,0.12820453260884443
6851,-0.16438697543448436
6852,-0.21315222677503914
6853,0.2745002866305088
6854,0.07943928126828963
6855,0.20135240961967663
6856,0.37203078931161837
6857,-0.09123909842365216
6858,-0.18876960110476174
6859,0.12820453260884443
6860,0.2501176609602314
6861,-0.14000434976420695
6862,-0.018091221412819963
6863,-0.09123909842365216
6864,-0.06685647275337475
6865,-0.3106827294561487
6866,0.07943928126828963
6867,0.006291404257457436
6868,-0.16438697543448436
6869,-0.4569784834778131
6870,-0.14000434976420695
6871,-0.16438697543448436
6872,-0.35944798079670354
6873,-0.43259585780753573
6874,-0.5057437348183679
6875,-0.5788916118292001
6876,-0.7008047401805871
6877,-0.8714831198725289
6878,-0.4082132321372583
6879,-0.5788916118292001
6880,-0.4569784834778131
6881,-0.3838306064669809
6882,-0.6276568631697549
6883,-0.6520394888400323
6884,-0.7008047401805871
6885,-0.5545089861589227
6886,-0.944630996883361
6887,-0.8714831198725289
6888,-0.944630996883361
6889,-0.7495699915211419
6890,-0.6032742374994775
6891,-0.6276568631697549
6892,-0.9933962482239158
6893,-0.944630996883361
6894,-0.9690136225536384
6895,-0.9690136225536384
6896,-1.0421614995644706
6897,-1.2372225049266898
6898,-1.188457253586135
6899,-0.9202483712130837
6900,-1.188457253586135
6901,-1.066544125234748
6902,-1.1640746279158576
6903,-1.3347530076077994
6904,-1.1640746279158576
6905,-1.3347530076077994
6906,-1.3347530076077994
6907,-1.310370381937522
6908,-1.4079008846186316
6909,-1.310370381937522
6910,-1.2859877562672446
6911,-1.2616051305969673
6912,-1.3835182589483541
6913,-1.310370381937522
6914,-1.310370381937522
6915,-1.4810487616294639
6916,-1.4079008846186316
6917,-1.3591356332780768
6918,-1.3591356332780768
6919,-1.4566661359591864
6920,-1.4079008846186316
6921,-1.5054313872997411
6922,-1.4810487616294639
6923,-1.5054313872997411
6924,-1.5298140129700186
6925,-1.3835182589483541
6926,-1.4810487616294639
6927,-1.4566661359591864
6928,-1.3835182589483541
6929,-1.5298140129700186
6930,-1.5298140129700186
6931,-1.5298140129700186
6932,-1.5298140129700186
6933,-1.5785792643105734
6934,-1.4810487616294639
6935,-1.5541966386402961
6936,-1.4566661359591864
6937,-1.5541966386402961
6938,-1.5298140129700186
6939,-1.5541966386402961
6940,-1.5054313872997411
6941,-1.5541966386402961
6942,-1.5541966386402961
6943,-1.5298140129700186
6944,-1.5298140129700186
6945,-1.5541966386402961
6946,-1.5298140129700186
6947,-1.5541966386402961
6948,-1.6029618899808509
6949,-1.6029618899808509
6950,-1.5785792643105734
6951,-1.5298140129700186
6952,-1.5785792643105734
6953,-1.5541966386402961
6954,-1.5541966386402961
6955,-1.3835182589483541
6956,-1.3835182589483541
6957,-1.5054313872997411
6958,-1.5541966386402961
6959,-1.4566661359591864
6960,-1.5054313872997411
6961,-1.432283510288909
6962,-1.310370381937522
6963,-1.188457253586135
6964,-1.2128398792564123
6965,-1.1396920022455803
6966,-1.066544125234748
6967,-0.9690136225536384
6968,-0.6276568631697549
6969,-0.7983352428616967
6970,-0.5545089861589227
6971,-0.822717868531974
6972,-0.4082132321372583
6973,-0.14000434976420695
6974,-0.21315222677503914
6975,-0.018091221412819963
6976,0.20135240961967663
6977,0.17696978394939922
6978,0.2745002866305088
6979,0.6402396716846698
6980,0.9572138053982759
6981,1.0547443080793855
6982,1.0547443080793855
6983,0.7133875486955019
6984,1.0303616824091082
6985,0.7377701743657794
6986,2.0300493348904816
6987,1.6155446984957658
6988,1.6886925755065978
6989,1.9081362065390945
6990,1.883753580868817
6991,2.3957887199446426
6992,2.3957887199446426
6993,2.2251103402527006
6994,1.7130752011768753
6995,1.6886925755065978
6996,1.6643099498363205
6997,1.6155446984957658
6998,0.7133875486955019
6999,1.079126933749663
7000,0.5183265433332828
7001,0.347648163641341
7002,0.347648163641341
7003,0.37203078931161837
7004,0.347648163641341
7005,0.20135240961967663
7006,0.1525871582791218
7007,-0.06685647275337475
7008,0.05505665559801223
7009,-0.04247384708309736
7010,-0.21315222677503914
7011,0.030674029927734832
7012,0.030674029927734832
7013,-0.14000434976420695
7014,-0.18876960110476174
7015,0.2501176609602314
7016,-0.21315222677503914
7017,0.030674029927734832
7018,-0.21315222677503914
7019,0.1525871582791218
7020,0.469561291992728
7021,0.5183265433332828
7022,0.469561291992728
7023,0.6402396716846698
7024,0.44517866632245057
7025,1.6155446984957658
7026,0.8353006770468889
7027,1.079126933749663
7028,1.0303616824091082
7029,0.6890049230252245
7030,1.274187939111882
7031,0.9815964310685533
7032,1.322953190452437
7033,1.0059790567388307
7034,0.9572138053982759
7035,0.9815964310685533
7036,0.8353006770468889
7037,1.1522748107604952
7038,1.2985705647821595
7039,1.0547443080793855
7040,1.2254226877713272
7041,0.8596833027171663
7042,1.0303616824091082
7043,1.0303616824091082
7044,1.3473358161227142
7045,1.0547443080793855
7046,0.6890049230252245
7047,1.20104006210105
7048,0.6890049230252245
7049,1.0547443080793855
7050,0.8840659283874438
7051,0.7865354257063342
7052,0.7377701743657794
7053,1.396101067463269
7054,0.9084485540577212
7055,1.1035095594199402
7056,0.6158570460143924
7057,0.44517866632245057
7058,-0.6520394888400323
7059,0.4207960406521732
7060,1.1278921850902177
7061,0.7621528000360568
7062,0.8840659283874438
7063,0.591474420344115
7064,0.8109180513766115
7065,0.7133875486955019
7066,0.9328311797279986
7067,0.9572138053982759
7068,0.6890049230252245
7069,0.8353006770468889
7070,0.9572138053982759
7071,0.8109180513766115
7072,0.8840659283874438
7073,0.7133875486955019
7074,1.2498053134416047
7075,0.3964134149818958
7076,0.7865354257063342
7077,0.8840659283874438
7078,0.6402396716846698
7079,0.2501176609602314
7080,0.37203078931161837
7081,0.6890049230252245
7082,0.44517866632245057
7083,1.274187939111882
7084,1.0059790567388307
7085,0.9815964310685533
7086,1.2498053134416047
7087,0.5670917946738375
7088,1.1035095594199402
7089,0.9572138053982759
7090,0.7865354257063342
7091,0.9084485540577212
7092,0.9815964310685533
7093,0.7377701743657794
7094,0.8596833027171663
7095,1.0059790567388307
7096,1.20104006210105
7097,0.8840659283874438
7098,0.7621528000360568
7099,1.079126933749663
7100,1.1035095594199402
7101,1.4204836931335465
7102,0.7621528000360568
7103,0.7865354257063342
7104,0.44517866632245057
7105,0.347648163641341
7106,0.6158570460143924
7107,0.4207960406521732
7108,0.9815964310685533
7109,0.3232655379710636
7110,0.4207960406521732
7111,0.37203078931161837
7112,0.5183265433332828
7113,0.4939439176630054
7114,0.6402396716846698
7115,0.5427091690035601
7116,0.5670917946738375
7117,0.4207960406521732
7118,0.20135240961967663
7119,1.1522748107604952
7120,0.6890049230252245
7121,0.6646222973549472
7122,0.8109180513766115
7123,0.8353006770468889
7124,0.591474420344115
7125,0.44517866632245057
7126,0.37203078931161837
7127,-0.04247384708309736
7128,-0.21315222677503914
7129,0.20135240961967663
7130,0.2501176609602314
7131,0.37203078931161837
7132,0.5183265433332828
7133,-0.23753485244531655
7134,0.17696978394939922
7135,0.6158570460143924
7136,0.2501176609602314
7137,0.44517866632245057
7138,0.17696978394939922
7139,0.29888291230078623
7140,0.2745002866305088
7141,0.37203078931161837
7142,0.3232655379710636
7143,-0.04247384708309736
7144,0.3964134149818958
7145,0.225735035289954
7146,0.20135240961967663
7147,0.44517866632245057
7148,-0.14000434976420695
7149,0.030674029927734832
7150,0.347648163641341
7151,-0.3106827294561487
7152,0.17696978394939922
7153,-0.35944798079670354
7154,0.12820453260884443
7155,0.030674029927734832
7156,-0.16438697543448436
7157,0.006291404257457436
7158,-0.3106827294561487
7159,-0.23753485244531655
7160,-0.33506535512642616
7161,-0.26191747811559396
7162,-0.6520394888400323
7163,-0.21315222677503914
7164,-0.35944798079670354
7165,-0.7008047401805871
7166,-0.28630010378587134
7167,-0.23753485244531655
7168,-0.33506535512642616
7169,-0.5788916118292001
7170,-0.7008047401805871
7171,-0.6276568631697549
7172,-0.5788916118292001
7173,-0.6032742374994775
7174,-0.7495699915211419
7175,-0.7495699915211419
7176,-0.7251873658508645
7177,-0.6520394888400323
7178,-0.7008047401805871
7179,-0.8471004942022515
7180,-0.944630996883361
7181,-1.0421614995644706
7182,-1.1153093765753028
7183,-0.8471004942022515
7184,-0.944630996883361
7185,-0.8714831198725289
7186,-0.9202483712130837
7187,-1.1153093765753028
7188,-1.0909267509050256
7189,-1.1153093765753028
7190,-1.0421614995644706
7191,-1.2372225049266898
7192,-1.3347530076077994
7193,-1.0421614995644706
7194,-1.3347530076077994
7195,-1.1153093765753028
7196,-1.3835182589483541
7197,-1.0909267509050256
7198,-1.4079008846186316
7199,-1.2616051305969673
7200,-1.2372225049266898
7201,-1.4810487616294639
7202,-1.4079008846186316
7203,-1.2128398792564123
7204,-1.1153093765753028
7205,-1.3835182589483541
7206,-1.5054313872997411
7207,-1.4810487616294639
7208,-1.4810487616294639
7209,-1.3591356332780768
7210,-1.5541966386402961
7211,-1.4566661359591864
7212,-1.5054313872997411
7213,-1.3347530076077994
7214,-1.4079008846186316
7215,-1.4810487616294639
7216,-1.4079008846186316
7217,-1.432283510288909
7218,-1.5054313872997411
7219,-1.4566661359591864
7220,-1.4810487616294639
7221,-1.432283510288909
7222,-1.6273445156511281
7223,-1.5785792643105734
7224,-1.5298140129700186
7225,-1.4810487616294639
7226,-1.6029618899808509
7227,-1.5298140129700186
7228,-1.5541966386402961
7229,-1.5785792643105734
7230,-1.5298140129700186
7231,-1.6029618899808509
7232,-1.432283510288909
7233,-1.5541966386402961
7234,-1.6517271413214056
7235,-1.5785792643105734
7236,-1.5054313872997411
7237,-1.5298140129700186
7238,-1.5785792643105734
7239,-1.5541966386402961
7240,-1.5785792643105734
7241,-1.5541966386402961
7242,-1.5054313872997411
7243,-1.5785792643105734
7244,-1.5054313872997411
7245,-1.432283510288909
7246,-1.3835182589483541
7247,-1.4079008846186316
7248,-1.432283510288909
7249,-1.432283510288909
7250,-1.310370381937522
7251,-1.3835182589483541
7252,-1.2859877562672446
7253,-1.2372225049266898
7254,-1.2616051305969673
7255,-1.310370381937522
7256,-1.0177788738941933
7257,-0.7983352428616967
7258,-0.822717868531974
7259,-1.0177788738941933
7260,-0.43259585780753573
7261,-0.7008047401805871
7262,-0.5545089861589227
7263,-0.3106827294561487
7264,-0.14000434976420695
7265,0.10382190693856702
7266,-0.3106827294561487
7267,0.225735035289954
7268,0.3964134149818958
7269,0.8596833027171663
7270,0.225735035289954
7271,0.1525871582791218
7272,0.347648163641341
7273,0.6402396716846698
7274,0.8596833027171663
7275,0.8596833027171663
7276,1.3717184417929917
7277,2.127579837571591
7278,1.5911620728254883
7279,2.078814586231036
7280,2.4201713456149196
7281,2.371406094274365
7282,2.1763450889121456
7283,2.005666709220204
7284,1.6886925755065978
7285,1.396101067463269
7286,1.5667794471552108
7287,1.4692489444741013
7288,1.322953190452437
7289,1.1766574364307725
7290,0.7133875486955019
7291,0.5183265433332828
7292,0.2501176609602314
7293,0.3232655379710636
7294,0.225735035289954
7295,0.225735035289954
7296,0.5183265433332828
7297,0.29888291230078623
7298,0.17696978394939922
7299,0.1525871582791218
7300,0.29888291230078623
7301,0.6890049230252245
7302,0.9815964310685533
7303,0.5427091690035601
7304,0.6158570460143924
7305,0.44517866632245057
7306,0.1525871582791218
7307,0.4207960406521732
7308,0.3964134149818958
7309,0.8353006770468889
7310,0.6646222973549472
7311,0.9572138053982759
7312,1.20104006210105
7313,1.0547443080793855
7314,0.9815964310685533
7315,1.1278921850902177
7316,0.9815964310685533
7317,1.0059790567388307
7318,1.5911620728254883
7319,0.8596833027171663
7320,1.0303616824091082
7321,0.9084485540577212
7322,0.9328311797279986
7323,1.0303616824091082
7324,0.8840659283874438
7325,1.0059790567388307
7326,0.9572138053982759
7327,0.9815964310685533
7328,1.1766574364307725
7329,1.1278921850902177
7330,0.8109180513766115
7331,0.8840659283874438
7332,1.1766574364307725
7333,1.1035095594199402
7334,1.274187939111882
7335,1.396101067463269
7336,0.44517866632245057
7337,1.0303616824091082
7338,0.6890049230252245
7339,1.0303616824091082
7340,1.1278921850902177
7341,0.6646222973549472
7342,1.079126933749663
7343,1.1522748107604952
7344,0.7865354257063342
7345,0.4939439176630054
7346,0.9328311797279986
7347,1.079126933749663
7348,0.6890049230252245
7349,0.9815964310685533
7350,1.079126933749663
7351,1.0547443080793855
7352,1.0303616824091082
7353,0.469561291992728
7354,1.2498053134416047
7355,0.7133875486955019
7356,0.6402396716846698
7357,0.8109180513766115
7358,0.9815964310685533
7359,1.0059790567388307
7360,0.7621528000360568
7361,0.6890049230252245
7362,0.9328311797279986
7363,0.6158570460143924
7364,1.1522748107604952
7365,1.0547443080793855
7366,1.2254226877713272
7367,0.8596833027171663
7368,1.0547443080793855
7369,0.8596833027171663
7370,0.8353006770468889
7371,0.9815964310685533
7372,1.0547443080793855
7373,0.7377701743657794
7374,0.8596833027171663
7375,0.8840659283874438
7376,1.0547443080793855
7377,0.9815964310685533
7378,1.0059790567388307
7379,0.9572138053982759
7380,0.9815964310685533
7381,0.8596833027171663
7382,0.6890049230252245
7383,1.20104006210105
7384,1.1035095594199402
7385,0.7621528000360568
7386,0.9084485540577212
7387,1.0059790567388307
7388,0.3232655379710636
7389,0.9328311797279986
7390,0.6890049230252245
7391,0.5670917946738375
7392,0.6402396716846698
7393,0.5427091690035601
7394,0.8353006770468889
7395,0.6402396716846698
7396,0.6158570460143924
7397,0.7621528000360568
7398,0.469561291992728
7399,0.6402396716846698
7400,0.6158570460143924
7401,0.8109180513766115
7402,0.3232655379710636
7403,0.5670917946738375
7404,0.347648163641341
7405,0.5183265433332828
7406,0.8596833027171663
7407,0.7377701743657794
7408,1.0059790567388307
7409,0.6158570460143924
7410,0.7377701743657794
7411,0.4207960406521732
7412,0.2745002866305088
7413,0.12820453260884443
7414,0.7865354257063342
7415,0.4939439176630054
7416,0.12820453260884443
7417,0.3232655379710636
7418,0.29888291230078623
7419,0.4207960406521732
7420,0.5670917946738375
7421,0.5183265433332828
7422,0.6158570460143924
7423,0.8596833027171663
7424,0.29888291230078623
7425,0.12820453260884443
7426,0.20135240961967663
7427,0.3232655379710636
7428,0.2501176609602314
7429,0.5670917946738375
7430,0.3964134149818958
7431,0.5427091690035601
7432,0.29888291230078623
7433,0.6402396716846698
7434,0.7133875486955019
7435,0.6890049230252245
7436,0.2745002866305088
7437,0.2501176609602314
7438,-0.018091221412819963
7439,0.3964134149818958
7440,-0.018091221412819963
7441,0.07943928126828963
7442,0.07943928126828963
7443,0.2745002866305088
7444,-0.06685647275337475
7445,-0.21315222677503914
7446,-0.16438697543448436
7447,-0.7495699915211419
7448,0.05505665559801223
7449,-0.28630010378587134
7450,-0.18876960110476174
7451,-0.43259585780753573
7452,-0.33506535512642616
7453,-0.4082132321372583
7454,-0.3838306064669809
7455,-0.5301263604886453
7456,-0.43259585780753573
7457,-0.35944798079670354
7458,-0.5057437348183679
7459,-0.5545089861589227
7460,-0.4813611091480905
7461,-0.4813611091480905
7462,-0.5545089861589227
7463,-0.7251873658508645
7464,-0.8714831198725289
7465,-0.5301263604886453
7466,-0.26191747811559396
7467,-0.33506535512642616
7468,-0.4813611091480905
7469,-0.5545089861589227
7470,-0.43259585780753573
7471,-0.7251873658508645
7472,-0.8471004942022515
7473,-0.4569784834778131
7474,-0.7251873658508645
7475,-0.7495699915211419
7476,-0.9933962482239158
7477,-1.0177788738941933
7478,-0.7251873658508645
7479,-0.822717868531974
7480,-0.944630996883361
7481,-1.1153093765753028
7482,-1.2128398792564123
7483,-1.066544125234748
7484,-1.3591356332780768
7485,-0.8958657455428063
7486,-1.1153093765753028
7487,-1.0909267509050256
7488,-1.066544125234748
7489,-1.310370381937522
7490,-1.4810487616294639
7491,-1.1640746279158576
7492,-1.4810487616294639
7493,-1.3347530076077994
7494,-1.3591356332780768
7495,-1.4566661359591864
7496,-1.3591356332780768
7497,-1.3835182589483541
7498,-1.432283510288909
7499,-1.3835182589483541
7500,-1.4079008846186316
7501,-1.5298140129700186
7502,-1.5054313872997411
7503,-1.5054313872997411
7504,-1.6029618899808509
7505,-1.5298140129700186
7506,-1.432283510288909
7507,-1.5054313872997411
7508,-1.4810487616294639
7509,-1.5054313872997411
7510,-1.6029618899808509
7511,-1.5298140129700186
7512,-1.5785792643105734
7513,-1.5054313872997411
7514,-1.5054313872997411
7515,-1.4810487616294639
7516,-1.5541966386402961
7517,-1.5298140129700186
7518,-1.4566661359591864
7519,-1.4566661359591864
7520,-1.5541966386402961
7521,-1.432283510288909
7522,-1.5785792643105734
7523,-1.5541966386402961
7524,-1.5054313872997411
7525,-1.4810487616294639
7526,-1.5054313872997411
7527,-1.5298140129700186
7528,-1.5298140129700186
7529,-1.4566661359591864
7530,-1.5298140129700186
7531,-1.432283510288909
7532,-1.3835182589483541
7533,-1.2859877562672446
7534,-1.5298140129700186
7535,-1.4810487616294639
7536,-1.2859877562672446
7537,-1.3347530076077994
7538,-1.2128398792564123
7539,-1.4810487616294639
7540,-1.1640746279158576
7541,-1.188457253586135
7542,-0.8714831198725289
7543,-0.7983352428616967
7544,-0.6032742374994775
7545,-0.6520394888400323
7546,-0.4569784834778131
7547,-0.16438697543448436
7548,0.17696978394939922
7549,0.10382190693856702
7550,-0.06685647275337475
7551,-0.14000434976420695
7552,0.5427091690035601
7553,0.4207960406521732
7554,0.29888291230078623
7555,0.8840659283874438
7556,1.3473358161227142
7557,1.639927324166043
7558,0.8353006770468889
7559,0.9815964310685533
7560,1.4204836931335465
7561,0.9815964310685533
7562,1.5423968214849335
7563,1.639927324166043
7564,2.200727714582423
7565,2.493319222625752
7566,2.32264084293381
7567,2.1031972119013136
7568,2.566467099636584
7569,2.371406094274365
7570,2.078814586231036
7571,1.639927324166043
7572,1.883753580868817
7573,1.5667794471552108
7574,1.6155446984957658
7575,1.1766574364307725
7576,1.0303616824091082
7577,1.1522748107604952
7578,0.5427091690035601
7579,0.3964134149818958
7580,0.4207960406521732
7581,0.12820453260884443
7582,0.225735035289954
7583,-0.06685647275337475
7584,0.29888291230078623
7585,0.2745002866305088
7586,0.29888291230078623
7587,0.006291404257457436
7588,0.05505665559801223
7589,0.3964134149818958
7590,0.2501176609602314
7591,0.10382190693856702
7592,0.347648163641341
7593,0.3964134149818958
7594,0.347648163641341
7595,0.4207960406521732
7596,0.5427091690035601
7597,0.6646222973549472
7598,0.9084485540577212
7599,0.7133875486955019
7600,0.5183265433332828
7601,0.9572138053982759
7602,1.3717184417929917
7603,1.0059790567388307
7604,1.0059790567388307
7605,0.7865354257063342
7606,0.8840659283874438
7607,0.7865354257063342
7608,0.7865354257063342
7609,1.2498053134416047
7610,0.347648163641341
7611,1.1035095594199402
7612,0.6158570460143924
7613,1.0547443080793855
7614,1.20104006210105
7615,1.20104006210105
7616,1.0547443080793855
7617,1.1035095594199402
7618,1.1522748107604952
7619,0.6402396716846698
7620,1.274187939111882
7621,0.7377701743657794
7622,0.9815964310685533
7623,0.10382190693856702
7624,-0.09123909842365216
7625,0.6890049230252245
7626,0.6646222973549472
7627,0.591474420344115
7628,0.44517866632245057
7629,0.3232655379710636
7630,0.9815964310685533
7631,0.8596833027171663
7632,1.1522748107604952
7633,0.6402396716846698
7634,0.5183265433332828
7635,0.225735035289954
7636,0.347648163641341
7637,1.0303616824091082
7638,0.44517866632245057
7639,0.44517866632245057
7640,0.7133875486955019
7641,0.5670917946738375
7642,0.6402396716846698
7643,0.37203078931161837
7644,0.7377701743657794
7645,0.7377701743657794
7646,0.2501176609602314
7647,0.7133875486955019
7648,0.5670917946738375
7649,0.4207960406521732
7650,0.29888291230078623
7651,0.6646222973549472
7652,0.8840659283874438
7653,0.6890049230252245
7654,0.6890049230252245
7655,0.7377701743657794
7656,1.1278921850902177
7657,-0.16438697543448436
7658,0.5427091690035601
7659,0.591474420344115
7660,0.7621528000360568
7661,0.29888291230078623
7662,1.2985705647821595
7663,0.9572138053982759
7664,0.7133875486955019
7665,1.1766574364307725
7666,0.9084485540577212
7667,1.0059790567388307
7668,0.3964134149818958
7669,0.5427091690035601
7670,0.469561291992728
7671,1.1035095594199402
7672,0.7621528000360568
7673,0.8596833027171663
7674,0.3232655379710636
7675,0.8840659283874438
7676,0.7865354257063342
7677,0.9572138053982759
7678,0.6890049230252245
7679,0.37203078931161837
7680,0.4207960406521732
7681,1.2985705647821595
7682,0.5427091690035601
7683,1.0059790567388307
7684,0.7133875486955019
7685,0.2745002866305088
7686,0.3964134149818958
7687,0.469561291992728
7688,0.44517866632245057
7689,0.37203078931161837
7690,0.6646222973549472
7691,0.4207960406521732
7692,0.12820453260884443
7693,0.3232655379710636
7694,0.6402396716846698
7695,0.8109180513766115
7696,1.0059790567388307
7697,1.079126933749663
7698,0.44517866632245057
7699,0.006291404257457436
7700,0.469561291992728
7701,0.29888291230078623
7702,0.37203078931161837
7703,0.347648163641341
7704,0.12820453260884443
7705,0.17696978394939922
7706,0.469561291992728
7707,0.5670917946738375
7708,0.3964134149818958
7709,0.1525871582791218
7710,-0.018091221412819963
7711,0.4207960406521732
7712,0.07943928126828963
7713,0.05505665559801223
7714,0.006291404257457436
7715,0.07943928126828963
7716,0.030674029927734832
7717,-0.018091221412819963
7718,-0.14000434976420695
7719,-0.14000434976420695
7720,0.006291404257457436
7721,0.006291404257457436
7722,-0.14000434976420695
7723,-0.43259585780753573
7724,-0.21315222677503914
7725,-0.16438697543448436
7726,-0.16438697543448436
7727,-0.4813611091480905
7728,-0.4569784834778131
7729,-0.23753485244531655
7730,-0.28630010378587134
7731,-0.26191747811559396
7732,-0.16438697543448436
7733,-0.5545089861589227
7734,-0.26191747811559396
7735,-0.4813611091480905
7736,-0.6764221145103096
7737,-0.7251873658508645
7738,-0.4569784834778131
7739,-0.7495699915211419
7740,-0.7495699915211419
7741,-0.5788916118292001
7742,-0.33506535512642616
7743,-0.4569784834778131
7744,-0.8471004942022515
7745,-0.5788916118292001
7746,-0.822717868531974
7747,-0.7495699915211419
7748,-0.7739526171914193
7749,-0.7495699915211419
7750,-1.0421614995644706
7751,-0.8471004942022515
7752,-0.9202483712130837
7753,-0.7983352428616967
7754,-0.8958657455428063
7755,-0.9202483712130837
7756,-0.8958657455428063
7757,-1.2128398792564123
7758,-1.1640746279158576
7759,-1.1396920022455803
7760,-1.0421614995644706
7761,-1.2616051305969673
7762,-0.9933962482239158
7763,-1.1396920022455803
7764,-1.1640746279158576
7765,-1.3835182589483541
7766,-1.2616051305969673
7767,-1.3347530076077994
7768,-1.188457253586135
7769,-1.2372225049266898
7770,-1.3347530076077994
7771,-1.188457253586135
7772,-1.5054313872997411
7773,-1.310370381937522
7774,-1.3835182589483541
7775,-1.4079008846186316
